序號,行政區,院所名稱,卡介苗門診,幼兒常規,幼兒流感3歲以下,幼兒流感3歲以上,成人流感,COVID-19,肺炎鏈球菌,輪狀病毒,M痘門診,腸病毒門診,地址,電話,語音預約
1,63000010,長庚醫療財團法人台北長庚紀念醫院,1,1,1,1,1,1,1,1,1,1,臺北市松山區敦化北路199號,(02)27135211,
2,63000010,臺北市立聯合醫院附設松山門診部,1,1,1,1,1,1,1,1,,1,臺北市松山區八德路四段694號,(02)27653147,
3,63000010,三軍總醫院松山分院附設民眾診療服務處,,1,1,1,1,1,1,1,1,1,臺北市松山區健康路131號,(02)27642151,
4,63000010,基督復臨安息日會醫療財團法人臺安醫院,1,1,1,1,1,1,1,1,,,臺北市松山區八德路二段424號,(02)27718151,
5,63000010,江崇萍小兒科診所,,1,1,1,1,1,1,1,,1,臺北市松山區南京東路五段251巷24弄27號1樓,(02)27632260,
6,63000010,車參薇小兒科診所,,1,1,1,1,1,1,1,,1,臺北市松山區八德路三段195號１樓,(02)25770101,
7,63000010,博仁綜合醫院,,1,1,1,1,1,1,1,,,臺北市松山區光復北路66號,(02)25786677,
8,63000010,佑家診所,,1,1,1,1,1,1,1,,,臺北市松山區八德路三段233號,(02)25785658,
9,63000010,大家好診所,,1,1,1,1,1,1,,,,臺北市松山區民生東路四段80巷11弄2號1樓,(02)27138815,
10,63000010,閎新耳鼻喉科皮膚科聯合診所,,1,1,1,1,1,1,,,,臺北市松山區八德路三段20-2號1樓,(02)25779898,
11,63000010,劉內兒科診所,,1,1,1,1,1,1,,,,臺北市松山區民生東路五段148號1樓,(02)27603922,
12,63000010,安兒康小兒專科診所,,1,1,1,1,1,,1,,,臺北市松山區敦化北路118號1樓,(02)77287688,
13,63000010,心田民生診所,,1,1,1,1,1,,1,,,臺北市松山區民生東路五段105號1樓,(02)27653039,
14,63000010,弘宇診所,,,1,1,1,1,1,,,,臺北市松山區民權東路三段160巷2之6號,(02)27128875,
15,63000010,全煜耳鼻喉科診所,,1,,1,1,1,,,,,臺北市松山區復興北路73號2樓,(02)87729068,
16,63000010,弘光耳鼻喉科診所,,,1,,1,1,1,,,,臺北市松山區民生東路四段117號,(02)27181177,
17,63000010,吳慶南內科診所,,,,1,1,1,1,,,,臺北市松山區民生東路五段138號,(02)27659566,
18,63000010,宥全診所,,,,1,1,1,1,,,,臺北市松山區民生東路五段216號1樓,(02)27678225,
19,63000010,陳炳堅內科診所,,,,1,1,1,1,,,,臺北市松山區延壽街327號,(02)27637199,
20,63000010,駿昂耳鼻喉科診所,,,,1,1,1,1,,,,臺北市松山區八德路二段395號1樓,(02)87728086,
21,63000010,畇力診所,,,,1,1,,1,,,,臺北市松山區富錦街512號1樓,(02)27659022,
22,63000010,林忠志診所,,,,1,1,,1,,,,臺北市松山區南京東路五段291巷20弄3-3號,(02)27689577,
23,63000010,邱楠超診所,,,,1,,1,1,,,,臺北市松山區延吉街20號1樓,(02)25702296,
24,63000010,王躬仁診所,,,,,1,1,1,,,,臺北市松山區新中街12-3號1樓,(02)27646685,
25,63000010,民生翁耳鼻喉科診所,,,,,1,1,1,,,,臺北市松山區民生東路五段78號1樓,(02)27625922,
26,63000010,康瑞耳鼻喉科診所,,,,,1,1,1,,,,臺北市松山區八德路三段154號,(02)25782522,
27,63000010,江建中診所,,,,,1,1,1,,,,臺北市松山區八德路四段285號,(02)27647883,
28,63000010,安德聯合診所,,,,,1,1,1,,,,臺北市松山區八德路三段34號4樓及12樓,(02)25705886,
29,63000010,民安診所,,,,,1,1,1,,,,臺北市松山區民生東路五段76號1樓,(02)27660656,
30,63000010,澄東耳鼻喉科診所,,,,1,1,,,,,,臺北市松山區三民路37號,(02)27420552,
31,63000010,安禾聯合診所,,,,,1,1,,,,,臺北市松山區民權東路三段178號3樓,(02)27137889,
32,63000010,朱家庭醫學科診所,,,,,1,,,,,,臺北市松山區八德路三段12巷57弄39-1號1樓,(02)25795004,
33,63000020,臺北醫學大學附設醫院,1,1,1,1,1,1,1,1,1,1,臺北市信義區吳興街252號,(02)27372181,
34,63000020,臺北市立聯合醫院附設信義門診部,1,1,1,1,1,1,1,1,,1,臺北市信義區大道路116號1樓,(02)87804152,
35,63000020,黃啟彰診所,,1,1,1,1,1,1,1,,1,臺北市信義區松山路261-1號,(02)27696218,
36,63000020,張育驍診所,,1,1,1,1,1,1,1,,,臺北市信義區吳興街467巷2弄6號1樓,(02)27296611,
37,63000020,明輝診所,,1,1,1,1,1,,1,,1,臺北市信義區松隆路282-3號,(02)87871235,
38,63000020,林應然小兒科診所,,1,1,1,1,1,,1,,1,臺北市信義區福德街75號,(02)27595328,
39,63000020,長風小兒科診所,,1,1,1,1,1,,1,,1,臺北市信義區莊敬路351號,(02)27227943,
40,63000020,登瑞安診所,,1,1,1,1,1,1,,,,臺北市信義區林口街232號,(02)27265228,
41,63000020,信義邱婦產科診所,,,1,1,1,1,1,1,,,臺北市信義區虎林街198號,(02)27278275,
42,63000020,承芯耳鼻喉科診所,,,1,1,1,1,1,,,,臺北市信義區大道路121號1樓,(02)27265025,
43,63000020,原力復健科診所,,,1,1,1,1,1,,,,臺北市信義區基隆路二段145號,(02)27327311,
44,63000020,臺北產業醫診所,,,1,1,1,1,1,,,,臺北市信義區信義路五段7號35樓,(02)81016355,
45,63000020,莊敬診所,,,1,1,1,1,,,,,臺北市信義區莊敬路280號,(02)27589258,
46,63000020,聯合報系員工診療所,,,,1,1,1,1,,,,臺北市信義區忠孝東路四段559巷1號6樓,(02)27601618,
47,63000020,松仁耳鼻喉科診所,,,,1,1,1,,,,,臺北市信義區松仁路231號,(02)87808580,
48,63000020,臺北市立聯合醫院松德院區,,,,,1,1,1,,,,臺北市信義區松德路309號,(02)27263141,
49,63000020,王寬仁診所,,,,,1,1,1,,,,臺北市信義區虎林街121巷11號1樓,(02)27204952,
50,63000020,永吉羅耳鼻喉科診所,,,,,1,1,1,,,,臺北市信義區永吉路272號,(02)27683191,
51,63000020,朱耳鼻喉科診所,,,,,1,1,1,,,,臺北市信義區忠孝東路五段452號,(02)27209172,
52,63000020,松山班廷建興診所,,,,,1,1,1,,,,臺北市信義區市民大道六段318號,(02)27652295,
53,63000020,栢麗恆全人診所,,,,,1,1,1,,,,臺北市信義區忠孝東路五段431號2樓,(02)27657065,
54,63000020,福德郭耳鼻喉科診所,,,,,1,1,1,,,,臺北市信義區福德街62號,(02)27591051,
55,63000020,松禾診所,,,,1,1,,,,,,臺北市信義區松山路130號3樓,(02)27666738,
56,63000020,大明診所,,,,,1,1,,,,,臺北市信義區崇德街35號,(02)27326885,
57,63000020,松德耳鼻喉科診所,,,,,1,1,,,,,臺北市信義區松德路58號,(02)27584958,
58,63000020,桂其安家醫科診所,,,,,1,1,,,,,臺北市信義區莊敬路462號,(02)27229173,
59,63000020,台灣中油股份有限公司員工診所,,,,,1,,1,,,,臺北市信義區松仁路3號3樓,(02)87259796,
60,63000020,德佑診所,,,,,1,,,,,,臺北市信義區福德街215號,(02)27596037,
61,63000020,嚴敏心耳鼻喉科診所,,,,,,1,,,,,臺北市信義區松山路541巷4號1樓,(02)27279558,
62,63000030,國泰醫療財團法人國泰綜合醫院,1,1,1,1,1,1,1,1,1,1,臺北市大安區仁愛路四段280號,(02)27082121,
63,63000030,臺北市立聯合醫院仁愛院區,1,1,1,1,1,1,1,1,1,1,臺北市大安區仁愛路四段10號,(02)27093600,
64,63000030,尹書田醫療財團法人書田泌尿科眼科診所,,1,1,1,1,1,1,1,1,1,臺北市大安區建國南路二段276號,(02)23690211,
65,63000030,臺北市立聯合醫院附設大安門診部,1,1,1,1,1,1,1,1,,,臺北市大安區辛亥路三段15號1樓,(02)27390997,
66,63000030,中山醫療社團法人中山醫院,,1,1,1,1,1,1,1,,1,臺北市大安區仁愛路四段112巷11號,(02)27081166,
67,63000030,松德診所,,1,1,1,1,1,1,1,,1,臺北市大安區四維路170巷16號1樓,(02)27073326,
68,63000030,健華診所,,1,1,1,1,1,1,1,,1,臺北市大安區和平東路二段299號,(02)27072990,
69,63000030,小禾馨小兒專科診所,1,1,1,1,1,1,,1,,,臺北市大安區新生南路三段4號1樓,(02)23698833,
70,63000030,家齡診所,,1,1,1,1,1,1,1,,,臺北市大安區敦化南路一段191號B1,(02)27211258,
71,63000030,夏爾診所,,1,1,1,1,1,1,,,1,臺北市大安區信義路四段265巷54號,(02)23255508,
72,63000030,那明珠診所,,1,1,1,1,1,,1,,1,臺北市大安區和平東路三段8號,(02)27360589,
73,63000030,安東診所,,1,1,1,1,1,1,,,,臺北市大安區和平東路二段229號,(02)27088995,
74,63000030,呂小兒科診所,,1,1,1,1,1,1,,,,臺北市大安區通化街24巷6號1樓,(02)27000708,
75,63000030,李細祥內科診所,,1,1,1,1,1,1,,,,臺北市大安區四維路198巷30弄5號,(02)27018159,
76,63000030,林繼國診所,,1,1,1,1,1,1,,,,臺北市大安區忠孝東路三段217巷1弄12號1樓,(02)27315568,
77,63000030,邱醫師診所,,1,1,1,1,1,1,,,,臺北市大安區和平東路三段288號,(02)27392696,
78,63000030,樂益耳鼻喉科診所,,1,1,1,1,1,1,,,,臺北市大安區復興南路二段161號1樓,(02)27096199,
79,63000030,伊生診所,,1,1,1,1,1,1,,,,臺北市大安區忠孝東路四段216巷32弄15號,(02)27751301,
80,63000030,吳坤光婦產科診所,,1,1,1,1,1,1,,,,臺北市大安區信義路四段59號,(02)27059320,
81,63000030,許靜瑛小兒科診所,,1,1,1,1,1,,1,,,臺北市大安區和平東路一段230號1樓,(02)23629088,
82,63000030,黃文香兒科診所,,1,1,1,1,1,,1,,,臺北市大安區忠孝東路四段250號2樓之1,(02)27313305,
83,63000030,劉建宏診所,,1,1,1,1,1,,1,,,臺北市大安區大安路二段139號,(02)27002368,
84,63000030,禾馨新生婦幼診所,,1,1,1,1,1,,1,,,臺北市大安區新生南路三段2號,(02)23682333,
85,63000030,澤星親子診所,,1,1,1,1,,1,1,,,臺北市大安區敦化南路1段376號二樓之2,(02)27018848,
86,63000030,博全婦產科診所,,1,1,1,1,1,,,,,臺北市大安區大安路一段18號,(02)27774427,
87,63000030,葉明憲小兒科診所,,1,1,1,1,1,,,,,臺北市大安區羅斯福路三段191號2樓,(02)23691688,
88,63000030,和平診所,,1,1,1,1,,1,,,,臺北市大安區和平東路一段77號之2,(02)23912000,
89,63000030,啟誠聯合診所,,,1,1,1,1,1,,,,臺北市大安區和平東路二段120號,(02)23784380,
90,63000030,仁安診所,,,1,1,1,1,1,,,,臺北市大安區和平東路二段175巷34號,(02)27065995,
91,63000030,瑞森診所,,,1,1,1,1,1,,,,臺北市大安區信義路三段134巷100號,(02)27076002,
92,63000030,愛群兒童成長診所,,1,1,1,1,,,,,,臺北市大安區信義路三段155號1樓,(02)55998330,
93,63000030,全家聯合診所,,1,,,,1,1,1,,,臺北市大安區和平東路二段353號,(02)27067575,
94,63000030,博安家庭醫學診所,,,1,1,1,,1,,,,臺北市大安區麗水街3號,(02)23567066,
95,63000030,東風診所,,,,1,1,1,1,,,,臺北市大安區忠孝東路四段132號4樓,(02)27775868,
96,63000030,國立臺灣大學醫學院附設醫院癌醫中心分院,,,,,1,1,1,,,,臺北市大安區基隆路三段155巷57號,(02)23220322,
97,63000030,中心診所醫療財團法人中心綜合醫院,,,,,1,1,1,,,,臺北市大安區忠孝東路四段77號,(02)27510221,
98,63000030,宏恩醫療財團法人宏恩綜合醫院,,,,,1,1,1,,,,臺北市大安區仁愛路四段71巷1號,(02)27713161,
99,63000030,安仁診所,,,,,1,1,1,,,,臺北市大安區安和路一段29號6樓,(02)87733676,
100,63000030,行一診所,,,,,1,1,1,,,,臺北市大安區新生南路三段19巷8號3樓之1,(02)27840735,
101,63000030,李唯通診所,,,,,1,1,1,,,,臺北市大安區安居街19號,(02)23773506,
102,63000030,沈德昌診所,,,,,1,1,1,,,,臺北市大安區四維路189號,(02)27035300,
103,63000030,逸林診所,,,,,1,1,1,,,,臺北市大安區信義路四段109之2號,(02)27006896,
104,63000030,新鑫耳鼻喉科診所,,,,,1,1,1,,,,臺北市大安區師大路105巷13號1樓,(02)23621201,
105,63000030,樂活診所,,,,,1,1,1,,,,臺北市大安區師大路12號,(02)23683883,
106,63000030,謝婦產科診所,,,,,1,1,1,,,,臺北市大安區忠孝東路四段311號3樓之1,(02)27728300,
107,63000030,櫟安診所,,,,,1,1,1,,,,臺北市大安區金山南路二段200號11樓,(02)23582138,
108,63000030,周大中婦產科診所,,1,,,,1,,,,,臺北市大安區敦化南路二段46號2樓,(02)27552757,
109,63000030,國立台灣大學保健中心,,,,1,1,,,,,,臺北市大安區羅斯福路四段1號,(02)33662156,
110,63000030,秀傳醫院,,,,,1,1,,,,,臺北市大安區光復南路116巷1號B1-4樓,(02)27717172,
111,63000030,林青穀家庭醫學科診所,,,,,1,1,,,,,臺北市大安區大安路一段2號之1,(02)27317557,
112,63000030,林正宗婦產科診所,,1,,,,,,,,,臺北市大安區和平東路三段100號2樓,(02)27337008,
113,63000030,許世賓婦產科診所,,1,,,,,,,,,臺北市大安區和平東路一段169號2樓,(02)33932211,
114,63000040,台灣基督長老教會馬偕醫療財團法人馬偕紀念醫院,1,1,1,1,1,1,1,1,1,,臺北市中山區中山北路二段92號,(02)25433535,
115,63000040,台灣基督長老教會馬偕醫療財團法人馬偕兒童醫院,1,1,1,1,1,1,1,1,,1,臺北市中山區中山北路二段92號,(02)25433535,
116,63000040,臺北市立聯合醫院附設中山門診部,1,1,1,1,1,1,1,1,,1,臺北市中山區松江路367號1樓,(02)25013363,
117,63000040,協和婦女醫院,1,1,1,1,1,1,1,1,,,臺北市中山區松江路85巷5號,(02)25072222,
118,63000040,莊宇龍診所,,1,1,1,1,1,1,1,,1,臺北市中山區北安路637號1樓,(02)25331255,
119,63000040,雙連婦產科小兒科診所,,1,1,1,1,1,1,1,,1,臺北市中山區民生西路30號4樓,(02)25222350,
120,63000040,綠葉親子診所,,1,1,1,1,1,1,1,,1,臺北市中山區農安街12-1號1樓,(02)25935559,
121,63000040,木生婦幼診所,1,1,1,1,1,1,,1,,,臺北市中山區長安東路二段90號1-4樓,(02)25012312,
122,63000040,永育樂群診所,,1,1,1,1,1,1,1,,,臺北市中山區樂群二路210之2號,(02)85012268,
123,63000040,陳炯輝診所,,1,1,1,1,1,1,1,,,臺北市中山區民生東路二段103號,(02)25221796,
124,63000040,榮星診所,,1,1,1,1,1,1,,,1,臺北市中山區龍江路272號,(02)25168112,
125,63000040,愛鄰診所,,1,1,1,1,1,,1,,1,臺北市中山區北安路520-1號,(02)25322333,
126,63000040,四季和安婦幼診所,1,1,1,1,1,,,1,,,臺北市中山區林森北路458號,(02)25677310,
127,63000040,大直佳恩診所,,1,1,1,1,1,1,,,,臺北市中山區北安路591號,(02)25323301,
128,63000040,大直診所,,1,1,1,1,1,1,,,,臺北市中山區北安路595巷2弄2號1樓,(02)25332339,
129,63000040,北安聯合診所,,1,1,1,1,1,1,,,,臺北市中山區北安路569-3號,(02)25337777,
130,63000040,杏慈診所,,1,1,1,1,1,1,,,,臺北市中山區民權東路二段152巷2-1號1樓,(02)25013109,
131,63000040,固廉診所,,1,1,1,1,1,1,,,,臺北市中山區北安路613號595巷1號地下一層,(02)25323036,
132,63000040,高固廉診所,,1,1,1,1,1,1,,,,臺北市中山區北安路613號,(02)25323036,
133,63000040,惟廉診所,,1,1,1,1,1,1,,,,臺北市中山區北安路595巷1號B1,(02)25323036,
134,63000040,慶恩小兒科診所,,1,1,1,1,1,1,,,,臺北市中山區吉林路117號,(02)25683199,
135,63000040,龍江小兒科診所,,1,1,1,1,1,1,,,,臺北市中山區龍江路181-1號1樓,(02)25152433,
136,63000040,龍江固廉診所,,1,1,1,1,1,1,,,,臺北市中山區龍江路360號,(02)25170093,
137,63000040,中崙國際診所,,1,1,1,1,1,1,,,,臺北市中山區八德路二段305號1樓,(02)27711501,
138,63000040,寧康聯合診所,,1,1,1,1,1,,1,,,臺北市中山區龍江路209巷6-1號,(02)25013862,
139,63000040,鄭志誠小兒科診所,,1,1,1,1,1,,,,1,臺北市中山區民生東路一段8號,(02)25512246,
140,63000040,晴光診所,,1,1,1,1,1,,,,,臺北市中山區林森北路556號1樓,(02)25853210,
141,63000040,正恩耳鼻喉科診所,,,1,1,1,1,1,,,,臺北市中山區錦州街321號,(02)25052293,
142,63000040,農安診所,,,1,1,1,1,1,,,,臺北市中山區農安街62號,(02)25978590,
143,63000040,德美診所,,,1,1,1,1,1,,,,臺北市中山區北安路596號1樓,(02)25326618,
144,63000040,陳世澤內科診所,,,,1,1,1,1,,,,臺北市中山區龍江路284-1號,(02)25011239,
145,63000040,李義男婦產科診所,,1,,,1,1,,,,,臺北市中山區中山北路二段71號4樓,(02)25361158,
146,63000040,臺北市立聯合醫院林森院區,,,,,1,1,1,,,,臺北市中山區林森北路530號,(02)25916681,
147,63000040,民生承安診所,,,,,1,1,1,,,,臺北市中山區民生東路三段90號,(02)25032633,
148,63000040,李宜霖診所,,,,,1,1,1,,,,臺北市中山區植福路298號,(02)26582669,
149,63000040,宗北內科診所,,,,,1,1,1,,,,臺北市中山區民生西路24號2樓,(02)25411001,
150,63000040,信安診所,,,,,1,1,1,,,,臺北市中山區民生西路24號3樓,(02)25118112,
151,63000040,聖和骨外科診所,,,,,1,1,1,,,,臺北市中山區農安街140號,(02)25969131,
152,63000040,晨昕診所,,,,,1,1,1,,,,臺北市中山區復興北路350號3樓,(02)25181268,
153,63000040,沐晴診所,,,,,1,1,1,,,,臺北市中山區龍江路401號1樓,(02)25189009,
154,63000040,吳振力診所,,,,,1,1,,,,,臺北市中山區長春路309號,(02)25095909,
155,63000040,禾康診所,,,,1,1,,,,,,臺北市中山區林森北路486號1樓,(02)25319998,
156,63000040,啟新診所,,,,,1,1,,,,,臺北市中山區建國北路三段42號5、6樓,(02)25070723,
157,63000040,葉小兒科診所,,,,,1,1,,,,,臺北市中山區長春路227號,(02)25054833,
158,63000040,慶生診所,,,,,1,1,,,,,臺北市中山區林森北路561號2樓,(02)25983456,
159,63000040,麗安耳鼻喉科診所,,,,,1,1,,,,,臺北市中山區龍江路289號1樓,(02)25068080,
160,63000040,王三郎婦產科診所,,,,,1,,1,,,,臺北市中山區中山北路二段166號之2,(02)25948758,
161,63000040,長安診所,,,,,1,,,,,,臺北市中山區八德路二段259號,(02)27111000,
162,63000040,柏安診所,,,,,"1
限院內腎友及家屬",1,,,,,臺北市中山區長安東路二段88號及90號10樓,(02)25019010,
163,63000050,臺北市立聯合醫院和平院區,1,1,1,1,1,1,1,1,1,1,臺北市中正區中華路二段33號,(02)23889595,
164,63000050,臺北市立聯合醫院婦幼院區,1,1,1,1,1,1,1,1,,1,臺北市中正區福州街12號,(02)23916470,
165,63000050,國立臺灣大學醫學院附設醫院兒童醫院,1,1,1,1,1,1,1,1,,1,臺北市中正區中山南路8號,(02)23123456,02-2356-7890
166,63000050,臺北市立聯合醫院附設中正門診部,1,1,1,1,1,1,1,1,,,臺北市中正區牯嶺街24號,(02)23210168,
167,63000050,禾馨婦產科診所,1,1,1,1,1,1,,1,,,臺北市中正區懷寧街78號1樓,(02)23612323,
168,63000050,周正成小兒科診所,,1,1,1,1,1,,1,,,臺北市中正區徐州路24號,(02)23516830,
169,63000050,悅心診所,,1,1,1,1,1,,,,,臺北市中正區羅斯福路二段7-2號,(02)23961008,
170,63000050,和眾綜合診所,,,1,1,1,1,1,,,,臺北市中正區忠孝西路一段6號1樓,(02)23818766,
171,63000050,健康101診所,,,1,1,1,1,1,,,,臺北市中正區牯嶺街97號1樓,(02)23648085,
172,63000050,國立臺灣大學醫學院附設醫院,,,,,1,1,1,1,1,,臺北市中正區中山南路7、8號；常德街1號,(02)23123456,02-2356-7890
173,63000050,郵政醫院(委託中英醫療社團法人經營),,,,,1,1,1,,,,臺北市中正區福州街14號,(02)23956755,
174,63000050,丞泰耳鼻喉科診所,,,,,1,1,1,,,,臺北市中正區南昌路一段78號,(02)23973668,
175,63000050,同泰診所,,,,,1,1,1,,,,臺北市中正區汀州路二段136、138號,(02)23678511,
176,63000050,宜康診所,,,,,1,1,1,,,,臺北市中正區新生南路一段148號1樓,(02)23417696,
177,63000050,怡和診所,,,,,1,1,1,,,,臺北市中正區汀州路二段212號,(02)23625100,
178,63000050,國軍台北門診中心附設民眾診療服務處,,,,,1,1,1,,,,臺北市中正區紹興南街7號,(02)23918235,
179,63000050,張孟源內科診所,,,,,1,1,1,,,,臺北市中正區中華路二段325號1樓,(02)23098600,
180,63000050,博士診所,,,,,1,1,1,,,,臺北市中正區南陽街8號B1,(02)23120120,
181,63000050,惠恩診所,,,,,1,1,1,,,,臺北市中正區濟南路二段48巷3-2號1樓,(02)23919572,
182,63000050,滙安診所,,,,,1,1,1,,,,臺北市中正區和平西路一段20號5樓,(02)23637588,
183,63000050,銘人診所,,,,,1,1,1,,,,臺北市中正區博愛路9號3樓,(02)77557566,
184,63000050,元泰診所,,,,,1,1,,,,,臺北市中正區羅斯福路三段2號2樓,(02)23680599,
185,63000050,家禾診所,,,,,1,1,,,,,臺北市中正區三元街217號1樓、2樓,(02)23331368,
186,63000050,鈞安診所,,,,,1,1,,,,,臺北市中正區中華路二段431號1樓,(02)23092030,
187,63000050,醫療財團法人徐元智先生醫藥基金會遠東聯合診所,,,,,1,,1,,,,臺北市中正區永綏街8號,(02)23111525,
188,63000060,臺北市立聯合醫院中興院區,1,1,1,1,1,1,1,1,1,1,臺北市大同區鄭州路145號,(02)25523234,
189,63000060,臺北市立聯合醫院附設大同門診部,1,1,1,1,1,1,1,1,,1,臺北市大同區昌吉街52號1樓,(02)25948971,
190,63000060,羅源彰診所,,1,1,1,1,1,1,1,,1,臺北市大同區長安西路137號,(02)25552500,
191,63000060,寧夏診所,,1,1,1,1,1,1,1,,,臺北市大同區民生西路236號1樓,(02)25586060,
192,63000060,澤康診所,,1,1,1,1,1,1,1,,,臺北市大同區重慶北路三段71號,(02)25960922,
193,63000060,悅昇診所,,1,1,1,1,1,1,1,,,臺北市大同區錦西街50-1號,(02)25502664,
194,63000060,施小兒科診所,,1,1,1,1,1,1,,,,臺北市大同區重慶北路三段28號,(02)25941935,
195,63000060,羅志弘診所,,1,1,1,1,1,1,,,,臺北市大同區重慶北路三段115號,(02)25921666,
196,63000060,建順診所,,,,1,1,1,1,,,,臺北市大同區甘州街51號1樓,(02)25573250,
197,63000060,鈞生診所,,,,1,1,1,1,,,,臺北市大同區甘州街28號,(02)25570048,
198,63000060,建成診所,,,,,1,1,1,,,,臺北市大同區長安西路82號,(02)25500712,
199,63000060,紘成診所,,,,,1,1,1,,,,臺北市大同區長安西路53巷7弄1號,(02)25592412,
200,63000060,佑佳內科診所,,,,,1,,,,,,臺北市大同區承德路二段142號1樓&2樓,(02)25575687,
201,63000070,國立臺灣大學醫學院附設醫院北護分院,1,1,1,1,1,1,1,1,,,臺北市萬華區內江街87號,(02)23717101,
202,63000070,臺北市立聯合醫院附設萬華門診部,1,1,1,1,1,1,1,1,,,臺北市萬華區東園街152號,(02)23395383,
203,63000070,快樂兒童診所,,1,1,1,1,1,1,1,,1,臺北市萬華區寶興街121號,(02)23328610,
204,63000070,青年診所,,1,1,1,1,1,1,1,,1,臺北市萬華區中華路二段424號,(02)23032450,
205,63000070,漢宗小兒科診所,,1,1,1,1,1,1,1,,1,臺北市萬華區中華路二段434號,(02)23039022,
206,63000070,西園醫療社團法人西園醫院,,1,1,1,1,1,1,1,,,臺北市萬華區西園路二段270號,(02)23076968,
207,63000070,聖約翰婦產科診所,,1,1,1,,1,1,,,,臺北市萬華區東園街175號,(02)23098502,
208,63000070,佳安診所,,,1,1,1,1,1,,,,臺北市萬華區青年路34號,(02)23320898,
209,63000070,益銓診所,,,1,1,1,1,1,,,,臺北市萬華區萬大路233號,(02)23331323,
210,63000070,光耳鼻喉科診所,,,1,1,1,1,,,,,臺北市萬華區青年路90號,(02)23077565,
211,63000070,可為診所,,,1,1,1,,1,,,,臺北市萬華區青年路24號1樓,(02)23370111,
212,63000070,名家耳鼻喉科診所,,,,1,1,1,1,,,,臺北市萬華區西藏路107-2號1樓,(02)23036513,
213,63000070,健安診所,,,,1,1,1,1,,,,臺北市萬華區萬大路432號1樓,(02)23012255,
214,63000070,臺北市立聯合醫院昆明院區,,,,,1,1,1,,1,,臺北市萬華區昆明街100號,(02)23703739,
215,63000070,同仁院醫療財團法人萬華醫院,,,,,1,1,1,,,,臺北市萬華區中華路二段606巷6號,(02)23059292,
216,63000070,財團法人台灣省私立台北仁濟院附設仁濟醫院,,,,,1,1,1,,,,臺北市萬華區廣州街243號,(02)23(02)1133,
217,63000070,天行健診所,,,,,1,1,1,,,,臺北市萬華區寶興街127號,(02)23320688,
218,63000070,台北透析診所,,,,,1,1,1,,,,臺北市萬華區西園路一段200號3樓,(02)23382398,
219,63000070,永康診所,,,,,1,1,1,,,,臺北市萬華區桂林路47號,(02)23123455,
220,63000070,瑞生診所,,,,,1,1,1,,,,臺北市萬華區西園路二段250號,(02)23012788,
221,63000070,萬澤內科診所,,,,,1,1,1,,,,臺北市萬華區萬大路425之1號2~3樓,(02)23397018,
222,63000070,東京生活診所,,,,,1,1,1,,,,臺北市萬華區萬大路491號1樓,(02)23090990,
223,63000070,萬大聖心診所,,,,,1,1,1,,,,臺北市萬華區萬大路425號1樓,(02)23090006,
224,63000070,盧漢隆耳鼻喉科診所,,,,,1,1,,,,,臺北市萬華區環河南路二段197號,(02)23361363,
225,63000070,新田診所,,,,,1,,1,,,,臺北市萬華區梧州街62號1樓,(02)23089515,
226,63000080,臺北市立萬芳醫院-委託臺北醫學大學辦理,1,1,1,1,1,1,1,1,1,1,臺北市文山區興隆路三段111號,(02)29307930,
227,63000080,臺北市立聯合醫院附設政大門診部,1,1,1,1,1,1,1,1,,1,臺北市文山區指南路二段117號,(02)82377441,
228,63000080,佳鴻診所,,1,1,1,1,1,1,1,,1,臺北市文山區羅斯福路六段256號1樓,(02)29333096,
229,63000080,洪佑承小兒專科診所,,1,1,1,1,1,1,1,,1,臺北市文山區興隆路四段64-2號1樓,(02)29364708,
230,63000080,葉洪小兒科診所,,1,1,1,1,1,1,1,,1,臺北市文山區興隆路三段202號,(02)22300055,
231,63000080,林建輝小兒科診所,,1,1,1,1,1,1,1,,,臺北市文山區興隆路二段70號1樓,(02)29334933,
232,63000080,徐慧玲診所,,1,1,1,1,1,1,1,,,臺北市文山區興隆路四段97號,(02)22340000,
233,63000080,興隆內科小兒科診所,,1,1,1,1,1,1,1,,,臺北市文山區興隆路二段17號,(02)29311736,
234,63000080,屈銘軒小兒科診所,,1,1,1,1,1,,1,,1,臺北市文山區興隆路二段301巷4-2號,(02)29308518,
235,63000080,瑞萱診所,,1,1,1,1,1,1,,,,臺北市文山區景華街124號,(02)29305313,
236,63000080,德安小兒科診所,,1,1,1,1,1,,1,,,臺北市文山區興隆路四段6-10號1樓,(02)29395299,
237,63000080,樂群耳鼻喉科家醫科診所,,1,1,1,1,1,,,,,臺北市文山區木新路三段202號,(02)22340158,
238,63000080,震杰小兒科診所,,1,1,1,1,1,,,,,臺北市文山區景興路129號,(02)89351869,
239,63000080,黃偉志小兒科診所,,1,1,1,1,,,1,,,臺北市文山區萬慶街12號,(02)29354556,
240,63000080,仁荔健康診所,,,1,1,1,1,1,,,,臺北市文山區興隆路一段258號1樓,(02)29339986,
241,63000080,東翰診所,,,1,1,1,1,1,,,,臺北市文山區興隆路二段139號,(02)29308330,
242,63000080,仁耀診所,,,,1,1,1,1,,,,臺北市文山區興隆路一段273號,(02)29317788,
243,63000080,順欣診所,,,,1,1,1,1,,,,臺北市文山區木柵路三段112號,(02)29391011,
244,63000080,景美醫院,,,,,1,1,1,,,,臺北市文山區羅斯福路六段280號,(02)29331010,
245,63000080,吳錫賢診所,,,,,1,1,1,,,,臺北市文山區木新路三段208號,(02)29381577,
246,63000080,官世英診所,,,,,1,1,1,,,,臺北市文山區景興路45號1樓,(02)86638189,
247,63000080,定安診所,,,,,1,1,1,,,,臺北市文山區景興路165號,(02)29323755,
248,63000080,林正豐診所,,,,,1,1,1,,,,臺北市文山區保儀路25號,(02)29363665,
249,63000080,欣民診所,,,,,1,1,1,,,,臺北市文山區保儀路37號,(02)29375115,
250,63000080,泓仁診所,,,,,1,1,1,,,,臺北市文山區木新路二段273號,(02)29382627,
251,63000080,健鑫診所,,,,,1,1,1,,,,臺北市文山區忠順街一段28號1樓,(02)29375680,
252,63000080,陳建業診所,,,,,1,1,1,,,,臺北市文山區景文街86號,(02)29358181,
253,63000080,山林診所,,,,,1,1,1,,,,臺北市文山區羅斯福路六段407號2樓,(02)29332010,
254,63000080,世誠耳鼻喉科診所,,,,,1,1,1,,,,臺北市文山區忠順街一段107號1樓,(02)22343618,
255,63000090,臺北市立聯合醫院忠孝院區,1,1,1,1,1,1,1,1,1,1,臺北市南港區同德路87號,(02)27861288,
256,63000090,臺北市立聯合醫院附設南港門診部,1,1,1,1,1,1,1,1,,1,臺北市南港區南港路一段360號1樓,(02)27868756,
257,63000090,義仁兒科診所,,1,1,1,1,1,1,1,,1,臺北市南港區玉成街138號1樓,(02)26515929,
258,63000090,蔣小兒科診所,,1,1,1,1,1,1,1,,1,臺北市南港區玉成街166巷30號1樓,(02)26513761,
259,63000090,友力耳鼻喉科診所,,1,1,1,1,1,1,1,,,臺北市南港區中坡北路12號1樓,(02)27853913,
260,63000090,永育醫療福德診所,,1,1,1,1,1,1,1,,,臺北市南港區福德街320號,(02)27850700,
261,63000090,天仁小兒科診所,,1,1,1,1,1,,1,,1,臺北市南港區成福路21號,(02)27862687,
262,63000090,天仁健康診所,,1,1,1,1,1,,1,,1,臺北市南港區成福路21號,(02)27862687,
263,63000090,維康診所,,1,1,1,1,1,,1,,1,臺北市南港區研究院路二段84巷1號1樓,(02)26517748,
264,63000090,杏安診所,,1,1,1,1,1,1,,,,臺北市南港區同德路74、76號1樓,(02)27892008,
265,63000090,松展診所,,1,1,1,1,1,1,,,,臺北市南港區忠孝東路六段110巷18號,(02)27631373,
266,63000090,陳志鑫診所,,1,1,1,1,1,1,,,,臺北市南港區八德路四段812號,(02)27839698,
267,63000090,李文珍小兒科診所,,1,1,1,1,,1,1,,,臺北市南港區研究院路二段74號,(02)26511871,
268,63000090,陳勝吉診所,,,1,1,1,1,1,,,,臺北市南港區研究院路一段115號1樓,(02)27836972,
269,63000090,中坡耳鼻喉科診所,,,,1,1,1,1,,,,臺北市南港區中坡南路29號,(02)27850329,
270,63000100,三軍總醫院附設民眾診療服務處,1,1,1,1,1,1,1,1,1,,臺北市內湖區成功路二段325號,(02)87923311,
271,63000100,康寧醫療財團法人康寧醫院,1,1,1,1,1,1,1,1,,,臺北市內湖區成功路五段420巷26號,(02)26345500,
272,63000100,臺北市立聯合醫院附設內湖門診部,1,1,1,1,1,1,1,1,,,臺北市內湖區民權東路六段99號之1,(02)27908387,
273,63000100,中國醫藥大學附設醫院臺北分院,,1,1,1,1,1,1,1,,1,臺北市內湖區內湖路二段360號,(02)27919696,
274,63000100,魏穀年診所,,1,1,1,1,1,1,1,,1,臺北市內湖區內湖路一段403號,(02)26572691,
275,63000100,小禾馨民權小兒專科診所,1,1,1,1,1,1,,1,,,臺北市內湖區行忠路191號1樓,(02)55713333,
276,63000100,禾馨民權婦幼診所,1,1,1,1,1,1,,1,,,臺北市內湖區民權東路六段42號2樓,(02)55713333,
277,63000100,永育醫療大湖診所,,1,1,1,1,1,1,1,,,臺北市內湖區成功路四段366號,(02)27906002,
278,63000100,湖欣診所,,1,1,1,1,1,1,1,,,臺北市內湖區成功路四段327號,(02)27918350,
279,63000100,劉淦華診所,,1,1,1,1,1,1,1,,,臺北市內湖區金龍路43號,(02)27905374,
280,63000100,佳霖診所,,1,1,1,1,1,1,1,,,臺北市內湖區東湖路147號2樓,(02)26334535,
281,63000100,永育醫療康樂診所,,1,1,1,1,1,1,1,,,臺北市內湖區康樂街82號,(02)26308800,
282,63000100,焉醫師診所,,1,1,1,1,1,,1,,1,臺北市內湖區內湖路二段21號,(02)27995008,
283,63000100,仁弘耳鼻喉科診所,,1,1,1,1,1,1,,,,臺北市內湖區內湖路一段737巷50弄33號1樓,(02)26596360,
284,63000100,馬思特診所,,1,1,1,1,1,1,,,,臺北市內湖區成功路四段53號1樓,(02)27925994,
285,63000100,高峰診所,,1,1,1,1,1,1,,,,臺北市內湖區內湖路二段39號1樓,(02)26591888,
286,63000100,國泰醫療財團法人內湖國泰診所,,1,1,1,1,,1,1,,,臺北市內湖區瑞光路337號C棟,(02)87972121,
287,63000100,林登山耳鼻喉科診所,,1,1,1,1,1,,,,,臺北市內湖區文德路96號,(02)26596638,
288,63000100,連安診所,,1,1,1,1,1,,,,,臺北市內湖區內湖路一段619號1樓,(02)26276705,
289,63000100,雙湖診所,,1,1,1,1,1,,,,,臺北市內湖區金龍路49號,(02)27910066,
290,63000100,魏之明小兒科診所,,1,1,1,1,1,,,,,臺北市內湖區康寧路三段54-6號,(02)26306968,
291,63000100,林永正診所,,,1,1,1,1,1,,,,臺北市內湖區康樂街130號,(02)26315567,
292,63000100,日新診所,,,1,1,1,1,1,,,,臺北市內湖區成功路五段446號1樓,(02)26342743,
293,63000100,王慶森診所,,,1,1,1,1,1,,,,臺北市內湖區港墘路65號,(02)27986052,
294,63000100,成安耳鼻喉科診所,,,1,1,1,1,1,,,,臺北市內湖區成功路四段61巷10號,(02)27935940,
295,63000100,育睿診所,,,1,1,1,1,1,,,,臺北市內湖區內湖路一段217巷35號,(02)26560801,
296,63000100,康育診所,,,1,1,1,1,1,,,,臺北市內湖區成功路三段189號2樓,(02)27909134,
297,63000100,陽光活力診所,,,1,1,1,1,1,,,,臺北市內湖區瑞光路500號1樓,(02)87973828,
298,63000100,林孟勳診所,,,1,1,1,1,,,,,臺北市內湖區成功路四段61巷32弄2號,(02)87920955,
299,63000100,新明診所,,,,1,1,1,1,,,,臺北市內湖區新明路386號,(02)87921282,
300,63000100,內湖長春診所,,,,,1,1,1,,,,臺北市內湖區民權東路六段64號,(02)27926868,
301,63000100,思維診所,,,,,1,1,1,,,,臺北市內湖區文德路25號,(02)26575779,
302,63000100,陳森豊聯合診所,,,,,1,1,1,,,,臺北市內湖區環山路1段2號,(02)27990361,
303,63000100,葫洲診所,,,,,1,1,1,,,,臺北市內湖區康寧路三段35、37號,(02)26306606,
304,63000100,樂善診所,,,,,1,1,1,,,,臺北市內湖區行善路260號,(02)27902600,
305,63000100,成功耳鼻喉科診所,,,,,1,1,,,,,臺北市內湖區成功路三段162之1號1樓、164號1樓、164之1號1樓、166之1號1樓,(02)27940064,
306,63000100,瑞康診所,,,,,1,1,,,,,臺北市內湖區江南街96巷3號,(02)26599691,
307,63000100,誠康診所,,,,,1,1,,,,,臺北市內湖區內湖路一段585號,(02)26572585,
308,63000100,麗康診所,,,,,1,1,,,,,臺北市內湖區金湖路362號,(02)26342296,
309,63000100,洪永祥診所,,,,,1,,,,,,臺北市內湖區成功路三段6巷1號,(02)87917601,
310,63000110,新光醫療財團法人新光吳火獅紀念醫院,1,1,1,1,1,1,1,1,1,1,臺北市士林區文昌路95號,(02)28332211,
311,63000110,臺北市立聯合醫院陽明院區,1,1,1,1,1,1,1,1,1,1,臺北市士林區雨聲街105號,(02)28353456,
312,63000110,愛林診所,1,1,1,1,1,1,1,1,,1,臺北市士林區承德路四段222號,(02)28836881,
313,63000110,臺北市立聯合醫院附設士林門診部,1,1,1,1,1,1,1,1,,,臺北市士林區中正路439號1樓,(02)28836268,
314,63000110,士林小兒科診所,,1,1,1,1,1,1,1,,1,臺北市士林區中正路249號,(02)28812485,
315,63000110,存德小兒科診所,,1,1,1,1,1,1,1,,1,臺北市士林區文林路460號,(02)28342567,
316,63000110,貝爾診所,,1,1,1,1,1,1,1,,1,臺北市士林區中山北路七段82巷9號1樓,(02)28729980,
317,63000110,佩佩婦幼診所,,1,1,1,1,1,1,1,,1,臺北市士林區中山北路六段182號,(02)28386262,
318,63000110,科安診所,,1,1,1,1,1,1,1,,1,臺北市士林區社中街116號,(02)28110699,
319,63000110,張虔熙小兒科診所,,1,1,1,1,1,1,1,,1,臺北市士林區中山北路六段282號,(02)28361368,
320,63000110,樹爸爸親子診所,,1,1,1,1,1,1,1,,1,臺北市士林區德行東路286號,(02)28381838,
321,63000110,蘇慧卿診所,,1,1,1,1,1,1,1,,,臺北市士林區大南路274號,(02)28829955,
322,63000110,何小兒科診所,,1,1,1,1,1,1,,,1,臺北市士林區福港街176號,(02)28827401,
323,63000110,士林欣然耳鼻喉科診所,,1,1,1,1,1,1,,,,臺北市士林區文林路450號1樓,(02)28386090,
324,63000110,柳橙親子診所,,1,1,1,1,1,,1,,,臺北市士林區天母北路35號14樓,(02)28742818,
325,63000110,蕭雨青小兒科診所,,1,1,1,1,1,,,,,臺北市士林區延平北路五段292號,(02)28126415,
326,63000110,小禾馨士林小兒專科診所,,1,1,1,1,,,1,,,臺北市士林區中正路289號,(02)28827333,
327,63000110,和謙耳鼻喉科診所,,,1,1,1,1,1,,,,臺北市士林區社中街362號,(02)28165678,
328,63000110,忠誠聯合診所,,,1,1,1,1,1,,,,臺北市士林區忠誠路二段50巷35號,(02)88661176,
329,63000110,粱耳鼻喉科診所,,,1,1,1,1,1,,,,臺北市士林區社正路12之1號,(02)28168456,
330,63000110,榮清耳鼻喉科診所,,,1,1,1,1,1,,,,臺北市士林區文林路483號1樓,(02)28316878,
331,63000110,橙光耳鼻喉科診所,,,1,1,1,1,1,,,,臺北市士林區大南路286號,(02)28883222,
332,63000110,耀明診所,,,1,1,1,1,1,,,,臺北市士林區中正路322號,(02)28320657,
333,63000110,永捷診所,,,1,1,1,1,1,,,,臺北市士林區社子街67號1樓,(02)28111472,
334,63000110,政吉診所,,,1,1,1,1,1,,,,臺北市士林區士東路67號,(02)28748318,
335,63000110,慈田耳鼻喉科診所,,,1,1,1,1,,,,,臺北市士林區延平北路五段185號1樓,(02)28123595,
336,63000110,林博通醫師診所,,,,1,1,1,,,,,臺北市士林區通河街60號,(02)28851148,
337,63000110,德泰耳鼻喉科診所,,,,,1,1,1,,,,臺北市士林區通河街42-1號,(02)28851570,
338,63000110,心福內科診所,,,,,1,1,,,,,臺北市士林區中山北路六段167號,(02)28331115,
339,63000110,杏暉診所,,,,,1,1,,,,,臺北市士林區社子街15號1樓,(02)28117094,
340,63000110,陳彥銘耳鼻喉科診所,,,,,1,1,,,,,臺北市士林區士東路12之1號,(02)28381770,
341,63000110,鄭醫師診所,,,,,1,1,,,,,臺北市士林區延平北路五段120號1樓2樓,(02)28127412,
342,63000110,德生診所,,,,,1,,1,,,,臺北市士林區文林路552號,(02)29812988,
343,63000110,宜達診所,,,,,1,,1,,,,臺北市士林區前港街86號1樓,(02)28833678,
344,63000110,平安診所,,,,,1,,,,,,臺北市士林區社子街36-1號,(02)28167263,
345,63000110,天母耳鼻喉科診所,,,,,,1,,,,,臺北市士林區中山北路六段744號1樓,(02)28748874,
346,63000110,家庭醫師張正弘診所,,,,,,1,,,,,臺北市士林區天玉街38巷9號,(02)28747399,
347,63000120,臺北榮民總醫院,1,1,1,1,1,1,1,1,1,1,臺北市北投區石牌路二段201號,(02)28712121,
348,63000120,振興醫療財團法人振興醫院,1,1,1,1,1,1,1,1,,1,臺北市北投區振興路45號,(02)28264400,
349,63000120,臺北市立聯合醫院附設北投門診部,1,1,1,1,1,1,1,1,,,臺北市北投區公舘路198號4樓,(02)28912670,
350,63000120,台北欣安耳鼻喉科診所,,1,1,1,1,1,1,1,,1,臺北市北投區石牌路一段152號,(02)28210501,
351,63000120,何叔芳小兒科診所,,1,1,1,1,1,1,1,,1,臺北市北投區石牌路二段90巷12號1樓,(02)28206886,
352,63000120,宏恩兒科診所,,1,1,1,1,1,1,1,,1,臺北市北投區致遠一路二段99號1樓,(02)28271110,
353,63000120,李伯匯小兒科診所,,1,1,1,1,1,1,1,,1,臺北市北投區石牌路一段93號1樓,(02)28221212,
354,63000120,陳獻明小兒科診所,,1,1,1,1,1,1,1,,1,臺北市北投區中央南路一段69號1樓,(02)28928950,
355,63000120,黃正宏診所,,1,1,1,1,1,1,1,,1,臺北市北投區西安街一段359號,(02)28217076,
356,63000120,臺北市立關渡醫院-委託臺北榮民總醫院經營,,1,1,1,1,1,1,1,,,臺北市北投區知行路225巷12號,(02)28587000,
357,63000120,昱德聯合診所,,1,1,1,1,1,1,1,,,臺北市北投區光明路102號1樓,(02)28975050,
358,63000120,清田婦產科家醫科診所,,1,1,1,1,1,1,1,,,臺北市北投區中和街268號,(02)28931323,
359,63000120,陳柏宏親子診所,,1,1,1,1,1,,1,,1,臺北市北投區明德路124號,(02)28225257,
360,63000120,和勤診所,,1,1,1,1,1,1,,,,臺北市北投區中央北路四段543號1樓,(02)28942339,
361,63000120,陳信方小兒科診所,,1,1,1,1,1,,1,,,臺北市北投區明德路106號,(02)28201068,
362,63000120,黃浩魁小兒科診所,,1,1,1,1,1,,1,,,臺北市北投區中央北路一段168號,(02)28983256,
363,63000120,蔡秉勳小兒科診所,,1,1,1,1,1,,1,,,臺北市北投區中和街281號,(02)28966525,
364,63000120,慈恩耳鼻喉科診所,,,1,1,1,1,1,,,,臺北市北投區中央南路一段13號,(02)28978787,
365,63000120,橙品耳鼻喉科診所,,,1,1,1,1,,,,,臺北市北投區自強街70號1樓,(02)28200022,
366,63000120,台新診所,,,,1,1,1,1,,,,臺北市北投區光明路145號,(02)28936508,
367,63000120,張晉豪診所,,,,1,1,1,,,,,臺北市北投區中央南路一段155號,(02)28913820,
368,63000120,三軍總醫院北投分院附設民眾診療服務處,,,,,1,1,1,,,,臺北市北投區新民路60號,(02)28959808,
369,63000120,醫療財團法人辜公亮基金會和信治癌中心醫院,,,,,1,1,1,,,,臺北市北投區立德路125號,(02)28970011,
370,63000120,大順耳鼻喉科診所,,,,,1,1,1,,,,臺北市北投區中和街236號,(02)28964588,
371,63000120,王永良診所,,,,,1,1,1,,,,臺北市北投區自強街94號,(02)28227287,
372,63000120,永安家庭醫學科診所,,,,,1,1,1,,,,臺北市北投區中央北路一段172號,(02)28940888,
373,63000120,林文正耳鼻喉科診所,,,,,1,1,1,,,,臺北市北投區明德路92號1樓,(02)28261083,
374,63000120,長宏診所,,,,,1,1,1,,,,臺北市北投區中央北路二段121號,(02)28967372,
375,63000120,洪耳鼻喉科診所,,,,,1,1,1,,,,臺北市北投區中央南路一段43號,(02)28928769,
376,63000120,紀耳鼻喉科診所,,,,,1,1,1,,,,臺北市北投區石牌路二段57號,(02)28214485,
377,63000120,祐民聯合診所,,,,,1,1,1,,,,臺北市北投區中央南路一段207號,(02)28951301,
378,63000120,常哲診所,,,,,1,1,1,,,,臺北市北投區明德路157之4號,(02)28285515,
379,63000120,康田診所,,,,,1,1,1,,,,臺北市北投區自強街76號,(02)28210988,
380,63000120,張參雄診所,,,,,1,1,1,,,,臺北市北投區光明路166-1號,(02)28926555,
381,63000120,陳珀勳診所,,,,,1,1,1,,,,臺北市北投區明德路85號1樓,(02)28206263,
382,63000120,萬泰診所,,,,,1,1,1,,,,臺北市北投區中央北路二段52號,(02)28930727,
383,63000120,信達雅診所,,,,,1,1,1,,,,臺北市北投區承德路六段128號3樓,(02)28210798,
384,63000120,文遠診所,,,,,1,1,1,,,,臺北市北投區石牌路二段346號1樓及2樓,(02)28739991,
385,63000120,吉安診所,,,,,1,1,,,,,臺北市北投區西安街一段281巷18號,(02)28231832,
386,63000120,翰譽耳鼻喉科診所,,,,,1,1,,,,,臺北市北投區中央南路一段189號1樓,(02)28959986,
